CCAGATGACGCT, ['CCAGATGACGCT', 'GTCGGCGTGTTG', 'CCTTTCCATTAG', 'TGTTGATGTCCT', 'GCCTACCTCCCN', 'AGGTAATTTAAT', 'GTCGCCAGCAGA', 'ATACTCAAATCG', 'TCAGCAGTTGCG', 'GTTCTCACCGAN', 'CGTTTAGGCCGN', 'AGTAGAAGTGTT', 'TGGCGTAACTAT', 'GGAAAGAGAATC', 'GGCCGGTTTTAA', 'AATCCCGGTGTG', 'AACTCGAAGGGT', 'CGGCATTGGCAG']
TTAACTGGAGCN, ['TTAACTGGAGCN', 'CCAAACTCAAAG', 'TGAAGCCAGGAA', 'TCCAGCCAGAGN', 'TGGTCTAATCTG', 'GACTAACGCTAN', 'AGAACATAATCC', 'AACTGGAGCAGG', 'ATTGTATAGACN', 'GGTTCGTCAAGC', 'TTTGAATTTTAT', 'TATCAGCAGACG', 'TATTACTCATTG', 'CCGGTCTACCTC', 'CTCGGTAAGATN', 'GCTCCGCTTACC', 'ATAAATGAGGGT', 'GTAGCGCGCACN']
AATAGCTTGCAT, ['AATAGCTTGCAT', 'GGTTTAACCCGC', 'CGTGGCCAGGCT', 'GATGCCGAGGGA', 'CCCTTCGTGTTA', 'GTCGAGCACAGG', 'GTTCAGTGAGGT', 'GAACTCCCCGAT', 'CTCAGCTGGCCN', 'GAGCATCTCAAG', 'ATTGGTTGATTT', 'CCGAGCAGGACT', 'CGCAGAGGAACC', 'CGAATTTGTTCN', 'CCTTAAAGCCCA', 'CTGTAGCAATAN', 'GCGGTTCTCGCG', 'TCTCAAGTAGGA']
CTAGTTTGTGCN, ['CTAGTTTGTGCN', 'GAATGTCGGTCC', 'GCTAGCATAGCT', 'TAAGCAGAATAT', 'CAGATCGAAGAT', 'AAGAGGCGCTTT', 'CAAGCCTGGGCG', 'AGCACCGGCGTC', 'GCCGTCGCCAGG', 'AGAATGAGCTAT', 'AGACGAGCGACC', 'CAATCGTAGACG', 'CCAAAAACACCG', 'TTTTTGATGATT', 'ACCTAAAAGGTA', 'CTCGAGTATCCN', 'ACAGCTCCCCCN', 'GTGCGAGAGCGN']
AAGAACCGCCGN, ['AAGAACCGCCGN', 'GCTATGTCAGAC', 'CGGTTAACGATC', 'GTCACCGAAGAA', 'AAAGCTAGGCCN', 'GAGTTAAAGGTN', 'AAGCTTCTGCCC', 'TGAAGAAAGTTA', 'TTGCCTCCAAGC', 'GTCCAGCTGAAA', 'AAGAACCTACTT', 'GATCAGTTTCCN', 'AGTTCTCCATGC', 'AATAACCTGTAG', 'GCGAGTAGTAGA', 'ACGTGCCTACTA', 'GTTCACCCGAAC', 'TCGGCTACAACC']
GCCCATCATTTN, ['GCCCATCATTTN', 'ACGGATAGAAAN', 'TGTGAACTCGTA', 'TGAACCAAGATG', 'CATTGAACCTAA', 'ACCTAGGAGTAA', 'ATAGTTCTTCAG', 'TGGGAGTCCTTG', 'GCTATCGTCCTC', 'GTGAGACTTGTA', 'GGTATTCGTGGC', 'ACACGCTTCGTG', 'GTAAGTAGTTAG', 'ACGCGCCATGAG', 'CATCATCAGGTT', 'TCGACTGTTTCN', 'AGTGCCGTATGC', 'CTCTGGCTGTCA']
CTCGGTTAAGTG, ['CTCGGTTAAGTG', 'TAGTATCCTTGA', 'GATGGGGCTTGA', 'CGACTTCAAGTG', 'GCGATCGGCTGG', 'GGGATGGGTGAG', 'TTCTCTCATTGG', 'CTTACCCCTTCN', 'TCGAGCCACACN', 'GATGTATAACTC', 'TCGTCACGAGAN', 'TTATTACCCGGC', 'TAGGGTCGCGTA', 'TGGCCTGAATCG', 'CAGTTCCAGCTT', 'ATAGTAGGGATG', 'CTCCAATTCCAN', 'TTGGTATTTTGA']
GCAACGTCCAGN, ['GCAACGTCCAGN', 'GCCACAGATCAA', 'GTTTGACAGGCN', 'GGACAACGAAGT', 'AAAGCTACCAAC', 'CAGTGTTGCGGG', 'AGTCACCATCGG', 'CACTCCACAAAC', 'GTCAAAATTATG', 'CGCGCCGACTCN', 'TACACCGTCGAG', 'GAGTTCCTATCC', 'GTCCTAAAGGAT', 'TCGTGACTTCAT', 'AATGCCCCTTTT', 'CCGCGTTGGGAC', 'AAAGTTAAGCTG', 'CCTTTCAAGAAN']
TGGACGCTTTCG, ['TGGACGCTTTCG', 'AGCGATTAGTTC', 'GTTGAATTAGTA', 'GGATCGCAAAGC', 'TCTCAGTGAGTG', 'AATGATCAGTTT', 'CCACTCTCTTAT', 'GGCCCATGGACC', 'TGTCAGCATTCC', 'CAAACTGGGGCC', 'CAGCAGAACGCT', 'TGGAATTGTGTA', 'CGCCCTAAACAG', 'TAGGGGGCTTTT', 'GGTCCACCCGAN', 'AGAATCATCGAG', 'AGTACTTAACTT', 'AGTTTCACTAAN']
GTCCTACGAATC, ['GTCCTACGAATC', 'ATCTGGTAATTA', 'AAGCGAGATTTN', 'CATACTGAACGC', 'AACTCGTAAGTG', 'AGGAGCGAGGCT', 'TCCGTGGCCAGG', 'TGGTTTTTCGGG', 'GTCACGCCGCCN', 'CTTATCGTATAA', 'AGCAGAGTTCGA', 'TCAACGTCGGCA', 'ACGTTACGGAGT', 'TTGGATATCGAG', 'GGCGCTCCTATN', 'GCGCATTCAGAG', 'CATGATCCTTGC', 'CTCGTTTTAGTC']
CGGTCCCAGGGT, ['CGGTCCCAGGGT', 'ATTCCTTGTCTN', 'ATGCGAGAGGGC', 'CTGTGGCGGTCC', 'TCGGCTAGGGCA', 'AGTTCCAGATAA', 'GTCCCCCCCGCG', 'AATCAACGGCAC', 'TGTGCGGAGTTC', 'CCTAAGACTGGC', 'CAGGTCTGCCAC', 'TAATGTCTTTGC', 'CATATAGCTGGG', 'TCGGCCGAAGGC', 'CGGACGGCTAGG', 'GGCCTTACAGGG', 'AAAGTGCGCCAA', 'CATTTATTCTTC']
TGTTCGTCGGGC, ['TGTTCGTCGGGC', 'ACTCCTTTTCAN']
CGGTGGAAGGCT, ['CGGTGGAAGGCT', 'GTAGCGTCCAAC', 'CGCCCGTCTGAG', 'CACCGCCAAAGG', 'AAGTGCCGGGTC', 'AGGACGGGTGTA', 'GATTTTTCCATC', 'CGTAGTTTAGTC', 'AGTACACGTATC', 'TGTGTTACAGGC', 'AACCTATGTGCC', 'AGTGTGAGTGCG', 'TTTTCTCCTTAC', 'TTGTGGGGCTCT', 'CCGCAGACTCGA', 'ATAAGACGGCTT', 'GAGGAGGGGCGN', 'AAAAGCTGTATA']
CCTGATCATCTC, ['CCTGATCATCTC', 'CTCCCGGCCTAT', 'TTGGGACCTTTA', 'CCCAAGCTGATA', 'AGTCTAAACTCG', 'TACGTCGGTTAC', 'AGTTCAATTATA', 'CTGCACCTTACT', 'CATAACATGTCG', 'ACCATGGGAGTC', 'TCTTTTTAGTCA', 'CTTCTTAACCAG', 'TTTTGAACGTTA', 'CCATACTGGCTG', 'CCTCCTTAGGTG', 'AGGGGGCCATCG', 'ATCAGCGCACGA', 'ACAAGTTTGTTC']
GGTGCAGGTCTC, ['GGTGCAGGTCTC', 'ACATAACTTCGC', 'CAAATTTGTAAA', 'TAGTTCCATGTG', 'TTTGTACCCGTC', 'CGAGTCCCTGTN', 'CTTAAGCCTTGA', 'GAAACCTTGCAG', 'CGGAGCATATCN', 'ATCCTATGCGAG', 'GTGCTTTGCAAC', 'GCATTGATGAGG', 'CGGTAACACCAT', 'TTCTTGTAGCCG', 'ACCGATATCTCA', 'ACTCGAGACAAC', 'CTGTGTAATATA', 'GTCAAAGAGTCA']
TAACCAGCAGAA, ['TAACCAGCAGAA', 'CAGCCTGAGTCA', 'GGCAATGATCAA', 'GGTTGGCGACGT', 'CTGATTTTAACN', 'TGGTTAGCCCCG', 'CTAACGAGTACC', 'ACAACTCGAGGA', 'CGAGTCCGAGAA', 'CCCAATAGCTCT', 'CAGTTAGCACTC', 'CTGTCGGAACAN', 'TTCAACACACGT', 'TAGGCTAGCTCG', 'CAAGCGCACTCT', 'TCGTCAATTGCT', 'CTCACATATTTA', 'GTGCAGTTTTAN']
GTGGGGAGGCAG, ['GTGGGGAGGCAG', 'GGTGGTCGCGCA', 'ACCAGAGGCCAG', 'ACGACTACGACA', 'GTGTTTTTCTTG', 'GAATGACACTAT', 'CTTATTACCGAT', 'CGGCAAAGATGT', 'ATACGATGAAAA', 'GGTACCCTGCCA', 'ATGACAGAGACG', 'CTGCACGTCTCC', 'CCATCACCCAGC', 'ATTACAGGTACC', 'GCCTACAATCGA', 'TGAGGCCATAGA', 'TAGGTGCTCGGG', 'ATAACAGTTATA']
CGAGAACAGGTA, ['CGAGAACAGGTA', 'CCTTCCGCGCAN', 'GCGCCTTCAATN', 'TAACGGAGATCT', 'ACGTAGGATGTG', 'CTCGAACACACT', 'ATCGCCGCGGAT', 'CCAACTACTTTC', 'ATTATTGATAGA', 'GACAGATGGCCC', 'TGCTACCACGTG', 'CTTTAGTGCATT', 'AACGCCTTACTG', 'AGTTTGTATTAG', 'GGCGGTAATGGA', 'TTGTGAAACATT', 'ACTTAGTGACAN', 'AAGTAGAGCAAT']
CGTACCCTAGAN, ['CGTACCCTAGAN', 'AGGGTAACGTGG', 'ACGACCAACTCA', 'GCGCCACTCAGA', 'TCTTTATCCTCN', 'CTCACTATTGCN', 'CATTGGCTAGAN', 'GCACACGCATAT', 'CTCGACAGGGGC', 'CAGGACTGTTGA', 'AACGGCAGCGCA', 'ATGGGGAACTCA', 'ACGGTAGAAACN', 'CCAGGAACGTCT', 'CGACAACGATGA', 'TCACACCCGTGT', 'CAGGGTATTCTA', 'GCTATTAACGTC']
TGATAGTTCGTC, ['TGATAGTTCGTC', 'AGCAAATGTAGA', 'TATCAATGGCAA', 'GCCGACGCCAGT', 'TATCAAGAGATA', 'CTTGCATATTGN', 'ACATTCTCGAGT', 'AGTCAAGCTCTG', 'AGTCACTATTGC', 'CTAGCCCATTTN', 'GTATCAGGAGGT', 'TCTCGCGTGATG', 'CATGTATTTCCT', 'GGAGAAGGGGGA', 'TTCCCCCGCCGG', 'CGAAAGCCCAGG', 'AATGTGTCGACT', 'CATCAGTCGCCA']
TAACCTGCGTTA, ['TAACCTGCGTTA', 'CCGTCATCTTGA', 'GGTCTCCGCGAC', 'TGCCAAGGCGCT', 'AGCCCATAAGAA', 'AGCACTTGGGCN', 'TTACGCCTTCTT', 'TGGTTTGCTTTT', 'TTTTAGACGTGA', 'GCACCCAGGTAN', 'TAAAGCAGACGC', 'GTCTCCTGTATG', 'GGTGTTCGGCCC', 'TTACTCGCAGAA', 'GTTATATGAGCN', 'AGCTAAGGAACA', 'AGCACAGAGGGG', 'CTATGTGTGACC']
GGCTCAAAGGTG, ['GGCTCAAAGGTG', 'GTATCACTCATT', 'CCACAGTCACTT', 'TTAGTTCAAAAC', 'TAGGCGAGCAAN', 'AAACGTAAGCTC', 'TATAGAATCAAG', 'CGCATCGCCGAC', 'ATAAAGGAACAG', 'AACGGGTTCTCC', 'GATCTTTGAGAT', 'GCCAAGCCTTCA', 'TCCGCTCTGAGT', 'TGCGTAATGCAN', 'CCTGTTTCACTT', 'AGTCCTTGCAGN', 'CTGATTTAGTCT', 'GCAAGTGTGTGA']
TGCATCGTGCTC, ['TGCATCGTGCTC', 'TTCATCTGGATC', 'TCTTGCCGACTC', 'AGTCAAATAGTA', 'AGGCTATGTGGT', 'AGGAATCTGCCT', 'CAATTTACCCAT', 'ACGAAGGTGTAT', 'TGTTGCAGGGCG', 'AGGTTCTATCCT', 'GGGTTCCGCAAC', 'AAGAGATGCAGC', 'TGAGAGTACGGN', 'GAGGGAGGCCAG', 'GCCCAGCACTTT', 'AAAGCATGATGC', 'TATAAGAGTGCN', 'CGCCGCCCGTCN']
CACATGTCGCCG, ['CACATGTCGCCG', 'CAAGCTAGTAGT']
TATGAGCAGCCG, ['TATGAGCAGCCG', 'GATCTATTCCTG', 'CTAAGGGAGATT', 'TGCCCGTGGTGT', 'AAAGCTGGTTAG', 'CGGGCAACTATA', 'CTAAGAGTATCC', 'AAGTTGCAAGAT', 'GAAGCGACGATT', 'TCTTGGAGCTCC', 'GGTCTATCCCGC', 'GGGGATCTTTCT', 'CCCAGACGTGCA', 'TTGAGGATTATT', 'CGAACACCCAGG', 'CGGTCAGTCCGT', 'AGTCACAGTCGA', 'CCTCCAGCTTAN']
ACTATATCCTTC, ['ACTATATCCTTC', 'TGCAAAATTCTT', 'TCAGTAGGGGAT', 'CGAGTCCTTTGC', 'ACTACGCTGGCA', 'TATCTCTCCAGC', 'TCGAATGAAGGG', 'CTTTGTCCATTG', 'CCTGTGGTAGCG', 'CGGTGCGCATAG', 'CCACGGGCTGGC', 'ACGACCAGAAAC', 'AAAGAATTAAGC', 'AATCAAGCTCCT', 'CACATGCACTGT', 'CCGTCAACTAGT', 'AGAGACTGGTGG', 'CCGTCTAAGGCC']
CTCTCGCAGCCC, ['CTCTCGCAGCCC', 'AATCTTCCTGAC', 'GCAACACCGCCN', 'GTACCTCGCTCG', 'ATTGGACCTCAT', 'CCTGGGTAGGCA', 'AATAGCCGCAGG', 'CGCCGGAGGCCA', 'CAGTTCTAATAC', 'TCAGGCACTGCT', 'CGAACGGCTATC', 'TTAAGTCGGAAG', 'TACCGTCTCACA', 'TTCAACCCCTAG', 'GTCCCACCTTCC', 'CACGGCTGAATC', 'CCAATACTGATT', 'AGCATTCCAGTA']
TATGGCCTGAGA, ['TATGGCCTGAGA', 'TTTTCACGTGTT', 'TTCTGAGGTGAC', 'TTCTCAGTTATA', 'AGAATTCGGTGC', 'CCCGTTATATTA', 'TGAACGGCAGGA', 'TAGGAATGGAGT', 'ATGTTGCGCCTN', 'GCAGTGGAATCC', 'GAAAGTTTGCAA', 'CCGCTCAAATCN', 'TTGGACCCTGAA', 'CTCGTTGCCGAG', 'GAAAATAATAAN', 'CACTCAAGCGCG', 'TGGTTTCCGGGN', 'GGGGTGTAACGC']
CAGGCAATGGCC, ['CAGGCAATGGCC', 'AGTTGCAGGTCT', 'ATCGCGTTCGAG', 'ACGCCTCGGACT', 'CGGGTATTGGAG', 'CCAGAAGCGAAN', 'TTCCCGCTCGAA', 'GGCAGCGTCTTT', 'CTTAGGAAGTCG', 'AGAGTCCGATGG', 'TTTTGGTTCAAC', 'TTCGGTCGGCTN', 'TCCGCAACCCAN', 'AAACCGGCCTAG', 'TGAAGTGTGGCG', 'CCGGCCCAATGA', 'ATGTTGGACCGA', 'GGTGCCTTCGCT']
ATCGGCTTTACN, ['ATCGGCTTTACN', 'CGTCACGCAGGC', 'ACGGGGCGATAA', 'TCCTCATCGTGG', 'GCCCAGCCTATA', 'GTAGAAGAGGAC', 'TTCAAGTTGCAG', 'TCTTTAGCGTCT', 'CATGCTCCCCTC', 'GCGACACGTGTA', 'GTGGCGAGGCAT', 'TAGCTCGCGACA', 'GCGAAGGAATCC', 'ATGGTGAGTCGA', 'CTATTAACTGCC', 'ATTGCCTTTGGG', 'GACCTTTAAATG', 'GCGTAGTGGAAT']
AAATTCCGGAAN, ['AAATTCCGGAAN', 'TTACGAGGTCAC', 'ACCGCAACAGAT', 'CAATTCACACTN', 'GTGCGCACAGGT', 'ATGATTCGGGTC', 'TCGCAATGTGTT', 'GGCATATAATGN', 'CTCTAGAGACCC', 'CTAAGTCTCAGA', 'CAGCCGAATAAA', 'CAAATTACGTCG', 'GCCACGCTTGCA', 'CGGCTTAAGAGC', 'TTTCGTAACACT', 'TCCACCTCTAAG', 'TTAAAAAATTTT', 'TAGCTGCCCTCG']
CGTGCGGAAACG, ['CGTGCGGAAACG', 'GGAGTCCTTGTN', 'CCAGTGTATTTN', 'CTTACGAACAGA', 'CATTTCAAAAGG', 'GGGTCGTGCACC', 'GTGATGCCCGGA', 'CATTCTTCGTCA', 'AAACACCGGAAT', 'AGAACGATACGC', 'TTTCGAATGTAT', 'GAACCACAAACN', 'CTTGGTGCTAAC', 'TACAATCCATAC', 'TGCTGATTCCGN', 'GCTGTCCACCAN', 'AGTATTTGTGTA', 'GTCACACCCGGT']
AGGATGCAAGGG, ['AGGATGCAAGGG', 'CGGTTAGCACTA', 'TGGGAGGTGGTA', 'GCTGTGCTGTTT', 'AAACTACCGCTC', 'ACCGACTAGGGG', 'CTCCCCTAAATC', 'TCTGCCAGTGAT', 'TTAGTAGGTCGA', 'CCGCGCCATTTA', 'TGTTATGTAAGA', 'TGCTGGCGTGGC', 'GGATGGGTGGAG', 'ATTACTTGAGTG', 'AATCTTCAAATC', 'TGCCCACCTCAN', 'CAAGTGTTGCAA', 'CTAGCCGCATTG']
TAGCTCTCAAGT, ['TAGCTCTCAAGT', 'GCCAGTCCGTAG', 'ACGTCGGAGGGC', 'CCGAACGTGAGA', 'GTCGTCGAGGTC', 'CTCGGAACCGAC', 'CGCTGCCGCTCA', 'CTTGGACAACCC', 'TCGGATACTCAA', 'GTAGTAGCCTAN', 'CGACAGTTTTTT', 'CATATGGACGCT', 'CTCAGACGGGTG', 'ATCTACATTGAG', 'CGAGGTGGGTGG', 'CGTAGTACAACC', 'AAGGCGATTTGA', 'GCGGCGAGCATG']
GATGATTTCGAG, ['GATGATTTCGAG', 'GTGTTTTCAGTT', 'CCGAATGACCTT', 'TAAGCCTCACCT', 'CGGAGGTCGGAC', 'CGGCTGTCATAG', 'CATCCACAACTC', 'TAGGATTCGGAG', 'AGCCTCACTGCA', 'CCAGGGCATCTG', 'TGTGCTACTATC', 'CACCTGCCCAAT', 'GCGTCAGACCAA', 'CTGACATCACTG', 'TCCGAGTACCAG', 'CGTCAAAAGCTT', 'GAACATGAGATT', 'AAGTCTGCGCAC']
TCGGACTGCCGC, ['TCGGACTGCCGC', 'CCAATGACCATC']
CTAGTGAAAGTG, ['CTAGTGAAAGTG', 'TAGATTCATTCC', 'CGCCCACAGACN', 'CGTTCGTCATCT', 'AAAGCTATTTTC', 'CTTACCATGGTT', 'CACTCGACGTTC', 'TCCGACTAGCCN', 'GACAGCTCACCC', 'TGCCGCACTTAT', 'ACCGCGGGTGCT', 'ACAGCGAGCAAT', 'GTGCGACGCCCT', 'GTGATATGCGAC', 'TAGAAAATAGGC', 'CGAGTACTGAGT', 'TAGGTAGGCTGG', 'CAGATACATTGT']
TGGTGTCGTAAG, ['TGGTGTCGTAAG', 'AGGAATTAGTGC', 'GTGTAGGACAGT', 'CATGAGAGGAGN', 'AGAACCTTTTCT', 'CTGCTTAGCCAA', 'AATCGTCCTATC', 'ATAGTTGCGACA', 'ACGGAGTGTCAT', 'CGGTAACTAAAG', 'TGAACTTAATCC', 'TGGTAGGCATTC', 'CGGAATATCCAN', 'CACGGACGCGTG', 'AGCAGGCCCACC', 'AACAGACGGCGC', 'TGTCCCCAATGG', 'CTGGCGCCTGCC']
TGAGTACTAGAA, ['TGAGTACTAGAA', 'GCAAGTCCCCCC', 'AATGAATGTTTT', 'ACCCTAATCCCC', 'GAGAGGTAACGN', 'ACTTGGCGGTCA', 'TCGTTCCCACGT', 'GAATATCCCAGG', 'TAGGTGGTTAAC', 'GATCCACCATTC', 'CGACGCTTTTCG', 'CGAACCCTGCCC', 'AAATGTCTCGGA', 'GTATTCTCATCN', 'CAAGGGCTAGAG', 'TTGATCGCGGGA', 'TTTGAAGTCGTG', 'CATTGTATAAAA']
TTTTTTGCGGAT, ['TTTTTTGCGGAT', 'CGGCAACGGAAG', 'AACCAGTTTGGA', 'GTTAGTGGTAAA', 'TAGGCGCGACGT', 'GAGCAGTCTGCT', 'AAAGAAACGTGC', 'CGAAAGGAATCT', 'ATTCTAGGAGCT', 'ACCGCGGCCGGN', 'AGTTGAGAAGAT', 'TACGTCTCCTCG', 'CCTCAGAGGTCG', 'ATTTTATGAGCA', 'CGTGCATTGTCG', 'CGTCCAAAAGAT', 'GGCATTCCGCTA', 'TTGGTGCGTAGA']
TTAGCGCAAGCT, ['TTAGCGCAAGCT', 'CTGGTCACCGGA', 'AGGTGGGGCTGC', 'TACACGTTCGAT', 'ATACATGGGCGA', 'CGGAATACACCG', 'GCTGCGTCCCAN', 'GATGCGGTATTA', 'CTGTTTCTTATA', 'GGTATACTGTAT', 'CGTGTGACGTAT', 'ACGGTGTTCTTA', 'AGGCCGAGTAGC', 'GAGGTCTCACTA', 'ACAATTTTCACT', 'CCCGACTCCATC', 'GACTCCAGATCN', 'GAGGAACGTCCG']
TGGTCGAGGCTN, ['TGGTCGAGGCTN', 'AACCAGATCTTG', 'TGTTAGTATCCC', 'AGGTGTCTCCGG', 'ACGATCTTTTTT', 'TTGATAAATCCA', 'AACTACTTTTAC', 'CTTAAGCGTAGN', 'AAGCCAACTCTN', 'TACTCCCAATAA', 'AAACAGAGCGAN', 'TTTCCCTCTTTT', 'CGCCCAGTCGAG', 'GAAGGTAGCCGG', 'ACAGAATGCCCA', 'AAGCTTTGCCGC', 'CTCGGCGTAATG', 'CTTTGGGTGTCA']
AATATTCATTCA, ['AATATTCATTCA', 'CTCTCTAAATCA', 'CTATCGGAGTAN', 'AATGAAATTGTT', 'TATCACCTGGCG', 'CGACGTCGCGTT', 'CACTCGCGAAAT', 'AACGTAGTCCAC', 'CGGGTATACCGT', 'CAAGTCACTCTT', 'TTTCAAGTAATG', 'ATGTTGCTGCAG', 'CGCAGCTCAAGN', 'AACACCCCCCTG', 'CGTGATGAGAGG', 'GCACAGCCGGAC', 'GGTCCCGGAACC', 'CGGGTCGAACAG']
ATTATGCGATGA, ['ATTATGCGATGA', 'ACAGCCTTATTT', 'ATAAGCGAGATC', 'CTGATGGTTAGG', 'TGAGGAGAAGTA', 'TAGCAATGCAGA']
CGGAAGATCCTN, ['CGGAAGATCCTN', 'CCTCACGCAAGA', 'ATGAATACTGGA', 'TAAGAGCGCAGN', 'TTCCCCCCCGGT', 'GGCCTAGTAGCA', 'GGAATATATGAC', 'TCCTCGGATAAT', 'CGGAAGATCCTC', 'GACCGGATATTC', 'TGAAAATCTCTG', 'ATAAGCTCTTTN', 'TTTACAGTTAAN', 'CACCCGCTATCT', 'CTAAGCACTGGG', 'TAGGTGCGGGAN', 'AATACCAGCATC', 'GAGCACATTTGA']
GGGACGCTGAAT, ['GGGACGCTGAAT', 'TCGATCCTGCTG', 'TGCCGAAGCCCC', 'AGATGTTTTCCT', 'TATAACGACACG', 'CAAGTCATAGGG', 'CAAAGTTCGATT', 'GGCGGATGCTGC', 'CAATGAGGGCGA', 'ATAAATGCTGGN', 'CCTAATTGGAGA', 'ATGCATTGGGCA', 'GTGTGCTGCCGG', 'TCCTGTAAACCG', 'AGAAGAAGCACC', 'CTCCTCGCCTGN', 'CGAATCGTTAAG', 'GCGGGATTTTGA']
TAAGAGAGGTCC, ['TAAGAGAGGTCC', 'ATTCTGTAGCCN', 'ACACGGAGACTA', 'TGCGTTTCTCCA', 'GATTCATCATGT', 'CAGCGCCCAGTA', 'CACTCGTGGGGT', 'TATTGCACTTGT', 'ATCTTGAAGAGG', 'GCAATCAACTCG', 'CGTAGTGTTGGN', 'AAGAACTCTTTT', 'CGCTGGACTGAT', 'GAGTCAGATTAA', 'TCCGCCACTCCT', 'GCCTGATTAAGT', 'AAGAGTGGCATG', 'GCCGTGCCGGGG']
TTGCCGGATAAC, ['TTGCCGGATAAC', 'GCTTGTCAACCN', 'GATGGACGCGCC']
TATGAGCACTGG, ['TATGAGCACTGG', 'TAGCTAGCCTAG', 'GTGCAGCCGAAC', 'GGATCACCTTTT', 'GGTTGGTGGCTN', 'GGCTTGTATGAT', 'AGAAAGTTGCCA', 'ATCTATGTTAGN', 'AGAACAACGTAC', 'CTCCGCGATAAG', 'GCCCAGATCATC', 'GAGGCTTGGCAN', 'GACGGTAATTTG', 'AACGTCTAGAGT', 'TACGACAGATAA', 'ACCTTCGACCTG', 'CGTGTAGAGACG', 'ACATGCATCTCA']
TAAATTTCTTCG, ['TAAATTTCTTCG', 'ACTCAGTTTGAG', 'ATAATCGGCTGC', 'GGCGATCTGTCT', 'TTGGCCGTTTAA', 'CGCAGCATCTAT', 'GGGACGTTTTTG', 'CTCTACTTAATT', 'AGAAAGGCCATN', 'TCCAGCTCAAGG', 'CGACAGACAAGN', 'TTTTCATAATAA', 'CAGGAGGAATCA', 'CCGGGCCATTCC', 'CGTCTACACGTC', 'TGACCCCGAACC', 'TTCCAGCCGAAA', 'GGAAATCAGCAC']
TACTATTTACAG, ['TACTATTTACAG', 'TTTACGCGAGGA', 'ATGGTCGATTTT', 'CTATTGGTTATA', 'GCGAGAGCATTC', 'TTTTCGCCCCTG', 'CATGTCCCTACT', 'CTTGACTAAATT', 'CGACACTCGTTG', 'ATACTAAGGTTA', 'CGGGAGATATGT', 'GTTCTTTTGGTA', 'TGACAGTTACCN', 'TTTCTATAGTCC', 'GTAAGCATCACC', 'CCCGGGACCTAA', 'TTGCTTTGCGGC', 'ATCGGATTGGAG']
TGCTTTACGGTC, ['TGCTTTACGGTC', 'AGTGTGCAGCAT', 'AGGATCTTTTAG', 'TGTGTCCCGCTT', 'TCGAGTGGCAAA', 'ACTTGGGCTCGG', 'GACCTGATATTG', 'CTAATGGCTCGT', 'AATAAGTAGACT', 'TTGCTTCAAAAT', 'TGGTGACAAGCC', 'TCTTCGTATAAN', 'TTGCCTCTGTCN', 'TTATCAAGCGAA', 'ACGACCAGCCTA', 'TTACGAGTTACC', 'GTGAACGGTGCC', 'ATCCTTCTTTAN']
GTGTTTGTTCGC, ['GTGTTTGTTCGC', 'CTTACCGATCAG', 'TAGTCTACCTGT', 'TGTCGATTGCTG', 'GAGAGTCCTTAG', 'CGCCAATACTTA', 'TATCTACGTCGC', 'TGCCCGCAACCG', 'TACCTGTATTGT', 'TTGCTGATGTAC', 'ATGTCAGGTGAA', 'CAGCGGGATTAG', 'TTAGAGAACGAC', 'GAAGTAGCTCTA', 'CATCGATAGAAA', 'GTAGTTACATTN', 'GGAAGGAACATT', 'CTCGCATCTTAG']
GGTTCTCTTACA, ['GGTTCTCTTACA', 'GCTATCCGAACT', 'ATTGCACCGCTG', 'GGATAAAATACC', 'TTGGTATCTTGA', 'AAAGGACTAGCG', 'TACGGATGTAGT', 'ATATAGAGACGG', 'GGACGTCCCCCN', 'ATATGAACTACG', 'TCCATCAGGAAN', 'GTTACGCGAGAG', 'TGCTACTCACTN', 'CATTTGTTATCC', 'CGCAAGTGCCTG', 'GGCCCTACATTT', 'CATGGATAATTC', 'TGTCAAGCGCTN']
GGCTGGGCTTTT, ['GGCTGGGCTTTT', 'TAGCACTTCGGG', 'AATTACGCTTAG', 'CTGCAATGGCAN', 'GTCGCATACTAG', 'CATGTGCTGTGT', 'CCCGTTAAATCN', 'GCTCTACGCTAC', 'CCACCACATACC', 'GTCTGAACATCT', 'CGGGCCGACGTG', 'GCTGAGAGATCG', 'GACTCGGCCGTT', 'GCGAGCGAGACA', 'TTGTCCACTCCT', 'AATGGCCGTCAN', 'TTGTCGCAGTAA', 'ACTTGTCCCTCT']
TGCTATTCCAAA, ['TGCTATTCCAAA', 'CTAAAGCGTTTC', 'GTATCAAACCTG', 'CTGCTTGTAGAA', 'GATTGAACTTTT', 'CGATAGTCGTTC', 'ACACTATAAAAC', 'ATACTGAGAGAC', 'GCGGGCCTTGCA', 'TGACAGGGAGCG', 'ATTAAGCTAATC', 'CAGATCGCGAGA', 'TTCGTTTCTGTA', 'GCGGTAGTGTCC', 'TGGTGGTAGTGA', 'TTCCCTCCCTGG', 'GGCGGGAGATGG', 'CGGCCTCTTTCT']
CTACAATGGACA, ['CTACAATGGACA', 'GAGCCGTAGAGT', 'GCACACACTGAC', 'CAACCAGGTATT', 'CTGTCTTGTCCA', 'CTTCCAACAGAG', 'ATAACAGTCAAN', 'TGGGACAATGTN', 'TGCCCCTCAAGA', 'CCGTGGATTTGC', 'AGATGATCGTGC', 'AATATCACTTCG', 'CCGCCCTGCTCN', 'CATGGCCCTGAT', 'GTCAAGGTCGCT', 'GATTTTACGACN', 'GGTGCTTAGTGG', 'ATACTCGGCGAC']
CATGAAGTGTCN, ['CATGAAGTGTCN', 'TCTATGCCTGTG', 'TCTTGGGAAATT', 'ACTAAGGGATGT', 'CGATATTTCAGN', 'CGGGTGGCGCCT', 'GTAAGTCTCACC', 'CTTGAGCAGGAG', 'TTGGCTTTCAGT', 'ACCCAGACCTCC', 'AGGCAATGGTTN', 'ATCCTAGAGTCG', 'AGAAGTGGCCCT', 'TAATGTCGATTN', 'TAGCATGACACN', 'GGAGGCAAGCAC', 'CGGAGGAGGCGN', 'TGTCGCCAAGCN']
ATATACATGCAA, ['ATATACATGCAA', 'CCCTTTGGGTTC', 'ACTCCGGCAGGN', 'CTCCCAGCTCTN', 'AAATCGTAAGAA', 'ACACCTGTCACA', 'GCAGTCTATCAT', 'GCGAAGCGGATT', 'ATTAGTAGTAGC', 'GCTAATATGGAC', 'TCTGTTAAGGTT', 'GAACCGCCCCTN', 'ATGGTGATGGAG', 'ATTGCGGTCCAN', 'TAAATTGTTCGG', 'TGAACATAGGCT', 'CCTTCCACGACG', 'AACTGACTTTAG']
TAGTTCGACTGG, ['TAGTTCGACTGG', 'TCGGTGACTCAG']
ATTGATCGCAGG, ['ATTGATCGCAGG', 'TTCCCCGAGAGN', 'AAGCCCCAATCT', 'ACACGTCAATCT', 'GCTGCGTAGCAC', 'ATGTCTGATTCN', 'TCTCAGCCCGAG', 'TCTCAGTAGACC', 'GGCCTTATGGTC', 'AGAAGTGGGCAT', 'GCGCGCCTCGCC', 'GTGTCGCTGTCG', 'AACAGCCCACTG', 'CGTCGAGCTTTA', 'GTTCCCGCCAAC', 'CCCTATAGGCCT', 'TTGGCGGCGAAA', 'AGTCCAGATGGG']
GTGAAGTAGCAT, ['GTGAAGTAGCAT', 'AAACAGGAACCN', 'GGCGGGTCTATN', 'GGCCTAGTACTG', 'ACATGGGACATT', 'CCACGGTACGTT', 'TGCGCTTAGAAA', 'GTCGGTACGCTG', 'CGAGTGGCTACT', 'CGGGGCACTACG', 'AAGTCTCATCCC', 'AAGTTAAAACCT', 'ACTCCCACGGCC', 'AGTTCCTTCACT', 'TTAATTACACGC', 'GAGCTGGTTCCN', 'CGTAGGTTTTAT', 'TTCAGCGATATA']
TTAACCTCCATT, ['TTAACCTCCATT', 'GAGTGTCATGGC', 'ACCAAAGGCAGT', 'GACTTCCTCGTA', 'TTACTACCACGC', 'GCTCCCTCGCGT', 'CGATCTTTAGGN', 'CTTAGGCTGGCN', 'CCTCCAGTAAAC', 'GGAGTTGCTGAT', 'ACTAACGGAGGC', 'GAGGTAATACAT', 'ATCCTGCTTCTC', 'AGCTATGGTAAG', 'CGCGCGGCGGCC', 'TCCATGATGCCC', 'ACATCTCGTTCG', 'ATCTCTGAGAAC']
TCGTTAAGCGCA, ['TCGTTAAGCGCA', 'TAAGACTGAGTA', 'GCAGACTTGGCA', 'GCTGTACCATCC', 'ATAGCCTGGAAN', 'CCATGTGTGCCG', 'TGTTGAATATGA', 'CCTATTTGATTG', 'GAGCCGACCGTT', 'CAGATTACATGG', 'TCAGGGCGTTAA', 'AGTGATACGCGG', 'GGCCAAAAGTTG', 'AGAGCGTGAGGT', 'GATTAGCCGTCA', 'CCCTGACTTTAT', 'ACCTCTTGTCCG', 'GCGACGTTAACC']
CCGACTGTATTG, ['CCGACTGTATTG', 'GAACCGCCTGCT', 'CGGGGTCCGGTG', 'GTATGGGAAAGT', 'GCGGAACCTGAT', 'ATCTAGCGTGCA', 'TACTTGCGAAAG', 'CCCGCAGCACTT', 'ACAGCCGTGAGG', 'TAAATTTGCTGC', 'TAGTCCGGAATT', 'TGACTCAGTAGC', 'CAAATCGAGCAT', 'TCTGGCGATGTG', 'TCCTATTGTTAG', 'CTCAAGGTCACG', 'CGATATCCACCC', 'AAGGGCCTGCCT']
GTACAGTTGAAC, ['GTACAGTTGAAC', 'AGCCTGTGGGAA', 'CACAGCGTTCTA', 'AATCTGGCGTCC', 'CAATGTTAGCAT', 'AGGACAAAAGAA', 'CATATTATTTCC', 'CTAAGCGGAGGG', 'AGTGCGCGTGGC', 'TTCGCAGGTGCC', 'GAAACTAGTTGC', 'AGCACTGAGTCA', 'AGATAAGCCGCA', 'TCAGACCTGCCG', 'AATCTTCGCGGA', 'ATTAATACGCCT', 'CAGGTCGTGGGT', 'CGTCGACATTCG']
CGCCTCCCTTCT, ['CGCCTCCCTTCT', 'AGGATAGAGGAG', 'TAGCTTTTAGGG', 'TTCCCGAGAACA', 'CTGGCTTGTGTG', 'AGCAACAGAGAC', 'GGAGGCGCTTAT', 'CTGTCCAATGGC', 'CCGCCATGAGCC', 'GCATACCTAGCG', 'TTGAGGGCCACG', 'CTCGGCTTATGG', 'TTGTGTACTTAG', 'GTCCCCAGCACC', 'AGGACGGTAAGN', 'GCGGTATGATCN', 'CGGCCTGAGAAT', 'GTATCTACAAGC']
AGTCAAATACAT, ['AGTCAAATACAT', 'TCTGTCTAGTCG', 'CAAAGCATCCCC', 'GGTCCACGCGGG', 'TATCCAGCTCGA', 'ACCGTCGTCTAA', 'TCTCTTTAACGT', 'GGACCCGGGACN', 'AGGAAAGGGGGC', 'CCGAGATGCAGT', 'CTCGTTTGGCAA', 'GCAGCAATTGCT', 'CAAGGTAGGTGC', 'ATTGGCCGAGGA', 'GTAGGACACGCT', 'TTGAGACGTTAC', 'ATCGGAGGCTTT', 'CTCGTAGCCATN']
CTATTTATAATG, ['CTATTTATAATG', 'CCCTTGGGACCG', 'GCCTATCGATAA', 'AGAAAACAGTGT', 'AACTTGCTCTTG', 'GGGAAGAACTGA', 'ACTCCACAAGAG', 'GATCCGTCTCTC', 'TGCGCGAATCTC', 'AAATCATCTCGG', 'GAACTGTGCGCC', 'GCGCAGCTACCG', 'ATCATAAGCACA', 'TAACATACTGCT', 'CACTACATCTAA', 'CACGAACTATCN', 'CAAGTCGGCGTC', 'TTATCGGAGATA']
CGCATCGGAATC, ['CGCATCGGAATC', 'ATAAGCAAAAAG', 'AATTAGCAAAGG', 'AGTCTAAACACT', 'GCTGGTTTTGCC', 'GCTGCAAAAGCG', 'ATACAATCGGCA', 'ATTCCACACTCT', 'GCTGGTGACTGG', 'ACCTTTGAACGT', 'TCAGCAGACACA', 'AGACCCAGATCG', 'CGCTACTTTAAG', 'GAACCCTACGTA', 'TACCGCCTGGAG', 'CCAAACCAACCT', 'CCGTGGGATGTC', 'ACCTGACGCTAA']
AGGGCAAACATN, ['AGGGCAAACATN', 'TGGAAGCGAGCT', 'GTTTTTTAGCCG', 'ACCCTTTTAGTT', 'CTCTGTCGGAGN', 'AGTTCCCGCAGC', 'GCACAAGCATGG', 'GTAAAAGTGCCA', 'ACGTCGGGACTA', 'ATCAGCCGAAGA', 'GATTCGGGACTN', 'CACTATACTGTA', 'AGTTCCGACACG', 'TCCATTAACTCC', 'GTGTGGGACCTN', 'CCTACTTGTAAC', 'CCTCCAGTATTT', 'TGAGCACGCTGG']
GGCTCAGTTCGN, ['GGCTCAGTTCGN', 'AGAACGCGAGGG']
ATCCTAAGCAGT, ['ATCCTAAGCAGT', 'CGCGCCAAGTGC', 'GGGTTCCAGGGT', 'ATTAACCTACAC', 'TGATATCCGGTA', 'GTGTGCTTATTC', 'TGACCGGCGCGA', 'TCTTGGGTCGGC', 'AACATAAGGCAC', 'CGAAAGAAGGAG', 'TGTGCCGTGGGT', 'ACCGTGTGCTGC', 'TTCGAGACCCCA', 'AAGGAACCGAGA', 'GCTCCGCCCATT', 'CCCTACGCCGAT', 'GGTACGCGCGCA', 'CCCAGCCCTCAC']
TGAGCCACGGGT, ['TGAGCCACGGGT', 'CCATGGCGGATC', 'CTCACCCTAGAG', 'ATCGGGCCCACG', 'CGGACCCAACTC', 'TTTCCGCCGATG', 'AAAGCGTTTTGG', 'CCGAATGTTACT', 'AAGGCTCTTTCN', 'ACCAATGCCCCA', 'AACTTTTTTTAT', 'TCACCGCGGAGT', 'GCATGAGAGTAA', 'AGTTGAAGGAAA', 'CTACATGCACAG', 'CCCTCTCACAGG', 'TTGGTCCGGTCN', 'CGGCGTACGTCA']
CCATTTGACCGC, ['CCATTTGACCGC', 'CGCTGCTAAGTG', 'TTTGGCCAACTA', 'CACCAAGGCGAN', 'CGGATGACTCGG', 'GCAGCAGGAGGT', 'TAAGGAGTTTCC', 'TCGGGCGAGAAG', 'GCGTGCTGGTGC', 'GCCATATATGAT', 'AGGCCGCAGAGA', 'ACAAGCCATCCA', 'TGTGAGTATGTT', 'TCCTATCATAAG', 'TGTAGGACTCTC', 'CGCTAGTCGCTT', 'GCATGTTCGTAG', 'CCCTTCTGTTTG']
GGGCAAAATGTN, ['GGGCAAAATGTN', 'ATGACACCACGG', 'ATTGATCAACGT', 'TCGCCCTTCTCC', 'AACAATCAGAGC', 'TTGACCAGACAC', 'CGCTCACGGCCC', 'CCTGCGCGATGG', 'GGCTGGAATGCG', 'TTGGTTAATCGC', 'GAGATTCCCTTN', 'ATCGCCCAAGTA', 'GAGCGGCATTCN', 'CAGGAGTAACGG', 'CTTTATCATTCC', 'AGCCCAGTGAAT', 'TTTTGTTAGACG', 'CAAGCAGCCACC']
ACCCATCCTCCA, ['ACCCATCCTCCA', 'CTGATATCAATN', 'AGTCAGAAAGTG', 'TCACGCATCCAT', 'CGTTTTCAGTTA', 'AGAAAATTACCC', 'ATTCATTGGTAN', 'AATAGGCCGCAA', 'TTCGACTAGTCA', 'CTCGTAGGCACG', 'TTTAAATTCCGC', 'TTTGTCTAGTAG', 'CTCAAACGCAAG', 'TTTTGTCTAATT', 'ATGTCGTACTCG', 'CAGCCAGGCATC', 'AGTCGCGCTACC', 'ATTACGGCTTAC']
CCAGGTCTCATA, ['CCAGGTCTCATA', 'ACTGTCGGTGTG', 'ATCTCGGGCCAG', 'CATTAGCATCTT', 'CCCTCTCGTGAG', 'ACCGCCAGGGTT', 'GTAACGCGGTGT', 'TACGCTGTTGGN', 'GCAATCGGTGGG', 'AACCGCTCAGAA', 'CCTATTCGGACC', 'AATCGTTTGATT', 'CTCGCGCCCGTG', 'TTTGATGAAGTG', 'CACAGAGGTGCG', 'ACCCGCAACACA', 'GAGTACGATCTG', 'CGTAAGCATCTA']
TGTAACAGTGAC, ['TGTAACAGTGAC', 'CCCGCCTTTACC', 'TAAACAGCGTTA', 'CGCGGAATCGTG', 'CGCTATCTACTT', 'CAGCAGGAGGCC', 'CCCCTAGAATTT', 'CCGCCTTGGCTN', 'ATTCTTCAGTAT', 'TAAGCTATGGAC', 'GCACTGGGGCAA', 'TTGGGGCGCTAA', 'TGCTTGGTCTAC', 'AGGGCATGGTAG', 'CTTAAATAGTCG', 'AGTCATTGCTAC', 'CGTCTGCTTCAG', 'TAGTGATGATCN']
GTTTAAAGATGC, ['GTTTAAAGATGC', 'CTATTTGGTAGC', 'TTACTAGGAAGT', 'CCGCTGGGCCGT', 'CGCGTCTTCGAT', 'TTCCGGCATGGT', 'GACTGGGTAATG', 'GGAGGTCGATTG', 'CAGCAGGCCCTG', 'TACCTAAATCTG', 'CGCAATCCCTGC', 'CTTGGCAGCCGG', 'CTCTAACTGGAA', 'GAATGGGCTAGA', 'AGGGAAGGAAGC', 'GATATATGTGAA', 'GATGTACAGTTT', 'GTCGTTCCAGTT']
TGAAGGATGCTG, ['TGAAGGATGCTG', 'GGCGATACGGAC', 'AATAGTACATGA', 'GCCTTGACACAT', 'GAAACTCAAGCC', 'AAATGGGCCCCG', 'CGGAGTAGTCCC', 'GTAGATGGAGTC', 'TGAGGTACTAAG', 'CTTGACAGGAAN', 'CGCAATTACATN', 'ACCGATGTACCC', 'GTGCCCAGTTTC', 'GAGCAGCTACTG', 'ACCCGAGTCACG', 'GCCCACATTCCA', 'AGGAGGCCGTTA', 'CGTGGGCAAGCG']
AACTTGACCCGT, ['AACTTGACCCGT', 'CCCTAGCTTCCC', 'GCAACACGTTCC', 'AACTAACAATAC', 'ACTTCCTTGATT', 'CGTACCGAGGCA', 'CCAATGTGTTAA', 'AGTGCATGTTCG', 'TGGGATACTTGG', 'TCCGGAACCACA', 'AACTTAAAAGAC', 'TAAGAGTAGGGT', 'GTGATCTTCCTG', 'CCTGGTAAATTT', 'AACCTTACCGCG', 'GGTGCCAGCACG', 'TAGCCAAGTCGG', 'GATATAACAAGA']
TGTGGGCAAGTT, ['TGTGGGCAAGTT', 'CTACTAGAACTT', 'AATTGCTCTTTT', 'TAAGCATCACTG', 'GTTATCGCCCAA', 'TAGTAGTCTCAA', 'CCTGTCCTACCG', 'ACCCTTGCTAAA', 'CTCGTACTGGAA', 'TTGGAAACGTAA', 'TTTAGCCAATGT', 'GAGCGACGTGTC', 'GATCCTGTCACT', 'TGTGGTCCGTCG', 'AAGTTGGTTCTA', 'CGGTTCCATCTN', 'CGGACGAAGTCG', 'CGAACGGACAGN']
ATAGCAGCCGGT, ['ATAGCAGCCGGT', 'TTACCCAACCGA']
CCAAGTAACTTT, ['CCAAGTAACTTT', 'TTGAACTGTCCT', 'GCATTGGTGGTA', 'GCGATCTACGTA', 'GGCACACATACG', 'TCCAAGTGAGTA', 'CAGCTTAACGAN', 'AAGCTAGATAGN', 'GTCAAGTGTCAT', 'CACTCTCTAGGG', 'TTCGCAGTGCGG', 'GCCCTCACCTGC', 'CGCACAATCGAA', 'GCTCAATAACGC', 'CTCCGGCAAAAG', 'TATTTGACGGTC', 'GACGTATGCAAG', 'TTCTGCCCGTGG']
TAAATCTGGAAA, ['TAAATCTGGAAA', 'AATTGAAGCACA', 'AACCCCTTACAT', 'CGGACAGGGTCN', 'GTCCTAATGTTC', 'CTGAACATCTTT', 'AAAAGATTTCGA', 'TTTAGGGCGCTT', 'AAGAACAGTCCA', 'GCTGGCGTCGGG', 'GTCACGCCCCAC', 'GAGACCCGAAGG', 'AACCTCGATTCC', 'CTGGCCCGTACC', 'TCGCCTCGAGTG', 'ACAGCCCCCTAN', 'CATACCAGCATC', 'TTAGCTTAACCG']
TAACGCGAGCCT, ['TAACGCGAGCCT', 'CCCTGACACTGC', 'ATTTTTCGCACG', 'TGAGCCTTCTAT', 'GTTGTTGGTGCN', 'CGATCCTGGCCC', 'TAGGAGTTCCTT', 'TGAAGTAATGCA', 'CACTTACAAGGT', 'CTTGGAAGAGCA', 'TCCGCGTATTCA', 'CGAAGGCTGTCN', 'AACATGAAGGAG', 'GATCGCAACGAA', 'TGCTGAGGTTGC', 'CGTTAGAACACN', 'TGTTAACGTTAC', 'TCTCGTATGTCA']
AGTAGACTGTCG, ['AGTAGACTGTCG', 'ACCCTTATTGGG', 'CGTTTCATGTAA', 'TAGTCGACGGTT', 'GCTCGAGCGCCT', 'CGCGTTCCCTCC', 'TAAGTTTTGTGA', 'AAGCGTGGCTCN', 'ACATCGGTCGTT', 'AACTATCCCCCA', 'GGAGGTGATTTC', 'TGTGTAAGTTTG', 'AAACTTTGTAAC', 'GACATAGTCCGG', 'CGTCTAAAGATC', 'GTAGATGGTGCC', 'CCGTCTAGAGAN', 'CTTTCTAGGTCG']
ACTACTTATTTC, ['ACTACTTATTTC', 'AGGTTCGCCTTT', 'ACTCCTCAGTCG', 'ACATTAGTTCTA', 'AGATTAGTCCCN', 'GATGTCGATTGN', 'CAATGTCGCTTT', 'CAAGTAAGCATN', 'ACGAGCGCACCT', 'TATGTGCTTATC', 'CTGGGAGAGTTG', 'GAGTAACTGTGN', 'TCGTTAGAGGCT', 'ACCTGCTATGTG', 'AGCGTGCGGGAA', 'CGAGCGCATAAT', 'CGCAGACATGCA', 'GGGTCGGTGGTC']
CCCATACGAACG, ['CCCATACGAACG', 'CTGGCCGAACCT', 'GTGAAATTGGTT', 'GGTGGCGGTCAN', 'AGATGGCAGGTC', 'TGTCCTCCAGAT', 'CGTGAAGCTCTA', 'GCTTACAGTGGC', 'AATGCTACCAAN', 'GCCACAAACGAA', 'GAGTACCCTCGC', 'TCCGTATCGCTN', 'ATCACTCGTAAA', 'ACGCCACATTTA', 'AGTGATACCGGC', 'TGTACTCCGAGA', 'GGACCGCGTTTA', 'CGTCCGTGTAAC']
AGTCGTGAGCTA, ['AGTCGTGAGCTA', 'TTTGAATTCTGC', 'CTATTCTGAGCG', 'ATCAAGGCTATT', 'GTTTTCGGCTAN', 'GTTAGTGCGTTG', 'GCCTAGAGGAGG', 'TTATCGCGTCCT', 'TTGATAGAGCAG', 'TTCATTTCTTCN', 'CAGACACCAGAA', 'GGGCTCCGAGAC', 'TTGACCAAAGCN', 'GGCATTTCCTTT', 'CCGCACCCGAGG', 'GTCAAGTGTCAN', 'CACCCCACGCCN', 'GAAATATGTTGC']
GGGTTGACGAGT, ['GGGTTGACGAGT', 'CGTTTCGGCGAG', 'GATTTACGATAN', 'AATGTCGCTTTN', 'TATATAGTGCTC', 'TCTGGAACACTA', 'GTTTGCGAACGA', 'TATTCACGATTT', 'TGGTAGTTGCTG', 'GCACCAGGACTC', 'CGCCAGCGCGGA', 'GGGTAGCTCCTC', 'GGTCCCAACAGC', 'AGAGTCCAAACC', 'CACAAATGGACA', 'CACCAGGTGAAC', 'CAGCGGCAGGCT', 'TGTTAGCCGGCG']
CAAGAGCTTTAT, ['CAAGAGCTTTAT', 'TTGATAGGTTAA', 'TTGAAGTTCTGG', 'AGGATCTTTCGA', 'CGGGCGAGATCC', 'GTTGGAACAGTG', 'TAAGTATTCCGA', 'CCGAAGGTGGTN', 'GGCAAGGGTGCG', 'TGAGGTAGCCAN', 'TACCCCCGCATT', 'TACCTCTAAATA', 'CAAATGTAGGTG', 'ACGTTCACACAT', 'CGCAAAAGCTTN', 'AATCCAGAGCAN', 'ACGGAAGTTCCC', 'TTTGCGCTGATC']
TATAAGCCTTAA, ['TATAAGCCTTAA', 'TAGGTAACCTAC', 'CCGAGCTTATGA', 'ATTGTGCCCGTG', 'TCAACAATAACC', 'GTGGGTAGCTCG', 'CGCAGCACGGGA', 'TGGTTTCGCCCN', 'GTGTGCTAGACA', 'GCAGTTGGAAAN', 'ACCCCAAGACGN', 'GATCAGTGTCTC', 'ATCATGAGGCAG', 'AACCTTCGCAGT', 'TATTTTGTGTTN', 'GATGTCCGTCTT', 'AGCGCTTAAGAA', 'AGAGGAGTCACG']
TAGAACATAACN, ['TAGAACATAACN', 'AGTGTAGCCGCN', 'TCAATGCATCCT', 'GTCCGCCGTGCC', 'AGAGTGGCGGCA', 'GTAACAATATTA', 'ATGGTCACCGAG', 'GGGGAACAACAC', 'TAGCAAGTTTGN', 'TACTCATCAAAN', 'TGATTAAAATTC', 'CCACATGTGATC', 'GACCTTACGCTG', 'TTGGATGTTGCG', 'CCGTCCGTGGGN', 'GCGGTCGTGCCT', 'CATCATTAAGCT', 'ATGCCATGTGTC']
TCAAGACAGTAA, ['TCAAGACAGTAA', 'CGCGATGTTCAA']
GCCTGCATGTTC, ['GCCTGCATGTTC', 'CTCAAACCCCAT', 'CAGGGTCTTGTC', 'GCAACAATTTAG', 'TTATCAAGGCCC', 'CGGCTTAGTGGG', 'CATTTCATGATC', 'CTGGAACATGTG', 'ACCGTTGGGTAG', 'TTCGCGTTATCT', 'CTAACCAACGCC', 'TCGCAGTCGATG', 'TACATCAGCAGC', 'CTATAACCATTG', 'TCCCGTACGGTT', 'AGTGGAGGCGTG', 'CAAGCCTGATTG', 'GACAGCACACAC']
CAACCCATACCG, ['CAACCCATACCG', 'AGTTTTTTTCCG', 'CCCATTACAAGT', 'CAAGAACGAGCC', 'TCATAAATCCGT', 'CTACTAATCGCT', 'ATGTCGCTAGTC', 'GCCAAAGACTCC', 'GAGCAGCCTGGT', 'AGAGCAGTCGCG', 'AGATTCCAAGTT', 'TCTGAGACCATA', 'GTTAGCTCGACA', 'GTATTCGCGCCA', 'ATTTAGGCACAG', 'TCAGTAGATCGC', 'CCAGCTTTTTTC', 'CAGGTCGGAGGC']
CCTGACCACGCC, ['CCTGACCACGCC', 'GTGGTTTGAGAT', 'TCCGCACTCTTG', 'AATAGAGTCTTN', 'ACTGATTTATTA', 'ACCTACTCCTTC', 'TCATAGCTAGGT', 'GTGGTAACGTTG', 'GCGTTCATTACN', 'GTTTTCGCTACA', 'CTGTAGGGAGTT', 'CTAATCGTTGTT', 'TTAACACCAAGG', 'GGAACTACTGGG', 'ATTTCAAACACA', 'CCGGTGCGGTTG', 'GAGTGCTCATTG', 'CCACCCCGAGCA']
CCAAAACTTGCC, ['CCAAAACTTGCC', 'CCGTGAGGAAGC', 'CATTATAGTGGC', 'GTGCAACTTTTN', 'GTAAAATCATGG', 'GTCTGTACCCAG', 'GAGCTACCCCCC', 'CCTTTTTCGGAA', 'TGAATGACCCTT', 'CCTAGAGGATCA', 'TTCACCGTGCTT', 'AGAGCATAATCA', 'CGGTTCATATTT', 'CCTAGCTTGTCN', 'GCCGGGCGCATC', 'TGAAAGGGTCGA', 'TCCCCCGCTGAC', 'CTCTAACTAATT']
CGACTTCTCCAT, ['CGACTTCTCCAT', 'GGGCAGCTGACT', 'CTGGGAGCCTGT', 'AGCTATCAGCGN', 'TAGTTGCATTAG', 'ACGAAATATGAC', 'TGTCCGTTTCCT', 'CTACGTTGCCCG', 'AGAAGTGAGGTC', 'AATTGACTCTAA', 'ACCTTCGAGGCA', 'CATTAATACCTG', 'AGGTTTATAGTG', 'CAAACGGCAAAG', 'TTCCTATTACCG', 'TCGCTAAGCGCC', 'TCTCGAGGCGGT', 'TTTCTTGCCCTT']
GCGCAGTTACTC, ['GCGCAGTTACTC', 'ACATCAGGACAT', 'TGGCCAAAAACG', 'GCGCACATATGA', 'AGCAAAGAGTCA', 'TATGGTGGATTA', 'GTCCTTACATTG', 'GTCTTTCGCAAC', 'GACCTCCCGGAT', 'CCTTTTTGGTGA', 'CTGGCTGCAGGT', 'CTAATGGGAGGN', 'TTGGCCCTATAC', 'TGGGTCCAGGAA', 'TTATACGGCTCA', 'ATCGCTCAACTT', 'TTAGCTCCTGCA', 'CGGAAGGATGAG']
GTAGTAGCTTTC, ['GTAGTAGCTTTC', 'CCGGCACATAAT', 'CGTCTTTTCCAA', 'GACTCTGTGGCG', 'TCCCGACGGCGA', 'CGAAGCATAGGT', 'CCAGAGCGTTTT', 'AACGCAAGGCTG', 'CAGAACAGGAGG', 'CCCTGATTGACC', 'GCCCATACTTGG', 'CAGCGCATACGC', 'ATGTAAGGAGAC', 'TTGACCAACAGT', 'TGCCAAATAAAT', 'TAAAATTGTAAG', 'CTTTAATTTAGC', 'TGCTGGCGCCTC']
AGAAATACTGCA, ['AGAAATACTGCA', 'GAGAACGTATAA', 'TGTTCTCCTTAT', 'AGTAATTTCAGN', 'CCCACTTCTATG', 'CTCCGATTTGCT', 'ATAAAGTAGCGC', 'GCCTGCGTGCAC', 'TAGCTAGCAGCC', 'TCCGATGCACGN', 'CAACGGAACGTC', 'ATTGAAGTATCA', 'GGAGAGGTGCTT', 'CCCTCACCCGTT', 'ACTACTGACCCA', 'CACGCGGGTGAT', 'CTTAATACCGAG', 'TTGAAGGCGCAA']
GATTTGTGCTAA, ['GATTTGTGCTAA', 'CTATACCCCGGT', 'AGGATACGGCTC', 'GCGAACAGCTGC', 'ATCGTTCGTACC', 'AGCCGGAGCACT', 'GGGATCCCCGCA', 'GCCACATAAATT', 'TCCGCAGTCATA', 'ATCCCAACCACC', 'TCGAACTTCCCC', 'GCTTCCTAAGGA', 'GTGGACAGGTGA', 'AGTGCAGTTCTC', 'GTGAGCATTTTC', 'GACTACGTATAT', 'GTTGTATCCTGG', 'CGTCAAATTTGG']
CAGCCGTGAGCN, ['CAGCCGTGAGCN', 'GTTGAGCTACGT', 'GGAATCCATTAN', 'CGCCTTCTCTCT', 'TGTGGGCACTTC', 'GTTTTACCAGCC', 'AATTCGCATCAT', 'CTGGCGCGCAGC', 'TGTCTGATTGCC', 'CTATTTTAGGTT', 'TGTGACTGGTTC', 'TCTTATCACGAA', 'GGTCCACTCCTT', 'CGTGCCCCCGTG', 'GAGATTTATGAC', 'CCAACGGTAACG', 'CCCGGAACTGAC', 'GACCAGCAGCTT']
TGCAAGCAAGAT, ['TGCAAGCAAGAT', 'AGCAAGACATTA', 'ACGCACATTGTC', 'AGGAAGGTATCN', 'CCCAACAGTTCA', 'TTCCCGTCGTAA', 'AGGGGTCGCGTA', 'ACGCCACGAGGC', 'GATCACCGGGAG', 'GTGGTCTCTATT', 'GTACAGTTCCAG', 'AATCAGGTTCGC', 'AGAAGATAAGCC', 'TGGTTTCCTTTG', 'TGAATACGTGGT', 'ATACGTTCCTAT', 'GTCAGTTGCTTN', 'CCAGTAGAGATG']
ATTGAGGACATC, ['ATTGAGGACATC', 'GCCGACGCGGCA']
TAAGAGGCGATT, ['TAAGAGGCGATT', 'CACCCAAGCTTA', 'GTCCAAACGATC', 'TGTTCGACCGGT', 'TCGAGGCACTTC', 'CTCATGATATGA', 'GCTCGGACTATG', 'TTCGTCGAAATG', 'ATTGACAGTTGG', 'TAGATCCTGAGA', 'TTCCCGCTTTTC', 'CAGTAAGCACCN', 'CGTGGAAGACTC', 'TATGTTTTGAGC', 'AGTTGGTTGAAT', 'GGCAAGCTGATN', 'AACGCGAAGTAT', 'TTGTTCAAGGAA']
ATTACTAGTACA, ['ATTACTAGTACA', 'GTCTGATCTGTT', 'ATTTATTCTGTT', 'TGGGAACAACGC', 'AAGGTTGATGAA', 'AGCGCTAACTAT', 'GACCAGTTGTGC', 'CTAAAATGTATT', 'AAGGTTGCCGTG', 'ATCGTGCCTACG', 'GGTGCCTAGCCC', 'CGTTAAAGCGAG', 'TGCAAGCCTGCG', 'GACGTGTGTAGC', 'TCGCCAGGTGTC', 'CATAATAAAGCT', 'CACACTTTCCTC', 'GGTGTCTTCTTT']
CCGGGCAGAGCA, ['CCGGGCAGAGCA', 'TGGTTTTTGCCT', 'TCTGTTTAAGCC', 'ATTGACGTGGAG', 'GCAATCTTCTGT', 'CAGTTCACCAGA', 'CGCCACCTGGCA', 'TAAATACGGTTG', 'CAGCGTATTTAT', 'GACCGGGTCCTC', 'GAATACTCTCGT', 'TTCCCACCGAGT', 'GCCTAACCACTA', 'CAGCGAAATGTC', 'ACAACCCCAGTA', 'ACTGAACTTGCT', 'CCCGTCTCTGCA', 'CATATCTCACGC']
TTCAGGTTTCAG, ['TTCAGGTTTCAG', 'AGGCATATGCTA', 'AACCCATAAAGG', 'ATCTGAGAGATT', 'GTAGAGCACATT', 'AGAGAGGACCCC', 'GGTTCACGATGC', 'TGACAAAATGTA', 'CCTTCACCTTCG', 'GAGAACGCCCTN', 'CTTTGCCTAAGC', 'TTTAGCTCCACN', 'AACGTTCCGTGT', 'CCATTCGATTGC', 'GTAACGTATCAA', 'CACCAATACGCG', 'CCGACGATTTTC', 'CAAAGGCTTTTC']
TATTACTGGGTG, ['TATTACTGGGTG', 'CGGAGCGGCATA', 'ATACCCCCAGCC', 'CCATGTACCCCA', 'GAGGGAATCTGT', 'TCTGTAGGGTGG', 'CGAACCGGCTGG', 'CTTGGCTCTCGC', 'TCCGCGTCGACG', 'TGCGAGGCATAA', 'GGAACAGCCGAT', 'AGCGTTGTTCTG', 'TATCGCGTTCGC', 'TCGGTTGCTCCG', 'AAGCGGACAGCC', 'TATGTATGTCCT', 'CCTTTGCTAAAG', 'TGAACCCTGCCA']
AAGATCTACAAA, ['AAGATCTACAAA', 'AGAGGCCAGTTG', 'AGTTTTAGAAGC', 'CCGACCTGCCTG', 'GGAACGCCTTCA', 'AGGGCGGTAAAG', 'TACCTGAGACAA', 'ACCGCTGAGTGC', 'GTCAGTGATAAC', 'AGATATTACCTT', 'ATCTGATTTACC', 'TATCTACGTTAN', 'CGCCCGGTCACA', 'CGCTACGGAGAT', 'GACAGAGAGGTG', 'CGGTATCGCCTT', 'AATAGGTGCGTA', 'CACATATGTCTG']
TGGTCAGCTTCG, ['TGGTCAGCTTCG', 'AACCCTGGTTTC', 'CGAATGCATTAA', 'CTCGTAAAACTG', 'ACCAATGTTAAG', 'AAACTGTACGGA', 'ACGTATTAATTA', 'CCGCCGCTTCGT', 'TACACGTGTTAT', 'GAAGCTCGGTCT', 'TATGCGTGCTCC', 'GCGGGTGCCGGT', 'CGGGCTTCGCTN', 'AAGTCCGTAAAC', 'ACGTTAAAAGTG', 'TTCACGTCGGGC', 'AAGCCCCGCACG', 'GCGACGATGGAT']
GAAAAAGTCGAG, ['GAAAAAGTCGAG', 'CAATCCAGGGCA', 'GAATGGAACGGA', 'GAGCTGCCCTGT', 'CAGGCTGTTGGC', 'GTATTCTCAAAT', 'TGTTCAATTGTN', 'TATACGCAGGCG', 'TTAAGCACCCAG', 'GCGCTGTGATCT', 'CGTGCTGTAGTC', 'GCGTGATCGAAG', 'AGACATCCAGTN', 'TATCCGATCTCA', 'TAGGCGAGTGTC', 'CGCCACTATGGG', 'TACTTTATTTTN', 'TTTTGGGGAGGA']
TCAGCGTCATTA, ['TCAGCGTCATTA', 'GACGCAATCAGA', 'CCCACACAGTAT', 'CAATTACAAGTC', 'CTGTCGGGCCAG', 'TCTGCAAGAGAG', 'GAGAGGCATTGA', 'TGCGTCTGTATT', 'GCCTAGATGGAT', 'ACCAGATCTATN', 'TGATTTCTCATG', 'AGAGGCCGCCCT', 'CGGCCACGAGTA', 'AGCTGTGATCCT', 'ATGCGCCCTTCG', 'CACGGTTTCATG', 'CCGGATTTTCCT', 'TATCACGAGCGC']
TGCTTTAATGCT, ['TGCTTTAATGCT', 'TGGCACCGTCAG', 'GGATCTACTTGA', 'AGTCTGCCCTTC', 'GCAGTGGTCCGC', 'TAGTTCTCATCC', 'TAAATTTTTCAN', 'GCGTTGCAGTCA', 'AAGGAATTAGCC', 'CCGCCATAAATG', 'CGGGCACAATCG', 'GGTGGGCTGCAA', 'GCTAGCCGCGGG', 'CTGAACATTAGG', 'AACACGTTTCAT', 'CGGAGCAATGGT', 'CCCAGGTCGGGC', 'CCACGTCGGTAG']
GTGGTTGACCAT, ['GTGGTTGACCAT', 'CGAGAGAGTTCA', 'CCGCCGCTCGTN', 'GAACTAACTCTC', 'GCAAACGAGAAG', 'ATTTGAACAAAA', 'CTGTATTGGCAC', 'GACAGGAAATTG', 'GTTATGTTCTCT', 'TTCGCGCTCCGN', 'GCTTCCACTGTA', 'TGAGTCGTAGCC', 'CAATAAGCTTAG', 'CCGTTAACAGCG', 'ATAGCTCTACTT', 'ATTTCGATATCC', 'CCGGCGGAAAGG', 'TTTAGCTTGACA']
TTAATCTAATGA, ['TTAATCTAATGA', 'GGAGATGCTGGT']
GCTAACCCCGAN, ['GCTAACCCCGAN', 'CTCCTGACGAGG', 'TCTAGCGTCTCG', 'CGGGCCCTAGGC', 'CAGTTCTAATGG', 'TTAGTAAAACGG', 'TTTGTGCCGCTA', 'ATTTATTGATAN', 'GCAACCGGCGCA', 'GCATCAGGACTG', 'CCGCCAGTCCGT', 'GACGTAGGCAAC', 'TGAGAATCACTC', 'GCCTGCGTCCGT', 'TCCTCGCAGGAA', 'CTACCCGTAAGA', 'TAACCCATATCT', 'AGCGAATGTTCC']
CTTTTTTGCAGA, ['CTTTTTTGCAGA', 'TACACGTATATT', 'CTAATTACTGAT', 'AGGTTATTCCAG', 'CTCACGGCCTGG', 'ACCGAGCTGTGN', 'CAACGAGGGACT', 'GGAGTTAGTCCC', 'TATGAATGTGCC', 'ACCCCATGATGC', 'ACTGTGTAGGAG', 'TGCTATCCAGGG', 'CTACACGGTCGT', 'AAAGCATCGAAN', 'CCGTTGCTACGG', 'TGAGAACAGACN', 'GATGGTGGGCAA', 'GATAATCTTTCG']
CTGACCGTTATT, ['CTGACCGTTATT', 'TACGTGACTAGA', 'AAAGGAAGAGGT', 'GAGAAGAGTAAT', 'AGCTTGTGATAG', 'CGTGTCAACTTN', 'ATGGTTAAAGTC', 'GCGGAGGATATC', 'GCTGAGCGCTAT', 'GGATCTAGTCTT', 'TTACACATTAGG', 'AGGGTTTAGGTC', 'CACATCTATCTG', 'AGATGTAGTGGT', 'ACCTTGGACCAG', 'CCAACTCTGGCG', 'CTACTTTCTGTA', 'GCCAGGCCTCCT']
ATGTGGCTAGTG, ['ATGTGGCTAGTG', 'GCCCCCAATGGT', 'GTCCGTTCGATC', 'TAGGGACTATGG', 'CCAAGTTGTTCG', 'ACCGCAATAGTG', 'TCCCGGCCAGCA', 'AACAAGAGTGCA', 'GCTGCTGCCGGN', 'GTGACCCAGTCC', 'AAAGTATCCTCC', 'TTTGCTACAGAA', 'AATAGAGTTCGN', 'GGATGGAGACGG', 'CGGCCTAGCCAC', 'TACAGCCGGTGG', 'ATCGAAGTCCCC', 'AAGGTTACAGTA']
GGGACGGCACAG, ['GGGACGGCACAG', 'TCGGAGGGTGGC', 'ACAGTATGCTCT', 'ACTGTCCAACTT', 'CAGAACCTCCAT', 'GGGGTTTACATC', 'TCTACTATTATT', 'GGCTACGTTCCC', 'GGATCGTGTATT', 'CCTGGACCTGAC', 'GAAACTCTATAT', 'CGATTGGCGAGG', 'TAAATTCTGTGG', 'TTTGCACTACAN', 'TTCAGACGTCAT', 'GGCTTTGAGTGG', 'AAGCCTTCGACA', 'CGTTCCCCCGAC']
TGTCCCACATCA, ['TGTCCCACATCA', 'AGACCACCGCAA', 'ATAGGTGTGTTG', 'AAAAGTTACATN', 'AGACTATCGTAA', 'TGGATTTTTATC', 'TTTGTCTAGTCC', 'GTGATCACCCGC', 'TATCCTGTGGGC', 'GACGTCTGGCGT', 'CCTTCACATCTA', 'GCCTTCCGTCCN', 'ATAACATACGTG', 'TTGATTACCAAA', 'CGAACCCTCTAT', 'TTTGAAAGGGGT', 'CTCATCAGTGCC', 'TGGGCTCTGACC']
TCCGCAGTGGAT, ['TCCGCAGTGGAT', 'ACTGTTATTCAC', 'CTCTTTGCCCGN', 'TGGTTTCACAAA', 'ACCTGTCGTTTG', 'ACTTCGGCCATA', 'ACTCGTTCCTGC', 'TTGGGCGTGATG', 'AGGCCCATCTTC', 'GGCCTACGGAAA', 'CACTTTATATGG', 'ACCTCCAAAAGG', 'CTGGGCGACTTN', 'CAGCGTCGTCTN', 'TGGATCAGTACG', 'TCATAGCGGATC', 'CTCTTACACCTN', 'TCTCTATCGCGC']
AAGCGGCGCGGG, ['AAGCGGCGCGGG', 'ACCGAGCCGTGC', 'ATGATTCGGGGC', 'AGGACTTCACGG', 'ATCCGGTGATCN', 'CTTTAGTTTTGN', 'TCTTGCGCTCAA', 'GGTCTATGAGGC', 'TCCTCGCTCGGC', 'TGCCCTGACACA', 'AAACTCGTGCCA', 'ACCCTCTTAGCA', 'ATCAAAGGCTTC', 'CCCAGAGCAGGC', 'ATGTGACCTGCT', 'GTGCGATCTTCA', 'TACCAGATGGTC', 'ACGTTCTTTAGA']
GCAGAGGCTGAN, ['GCAGAGGCTGAN', 'TGGAAGGCCTAT', 'TAACTTTTGATT', 'GACAATAATGGG', 'CTCGGCTATCGC', 'CATAATCTCGCG', 'CTGAGAGACTCG', 'CACAACCTCCTG', 'ACACGAGCAGTG', 'GGGCATCCCAAA', 'TTAGTCGATGTG', 'GCGTCTAACCTA', 'CGGAAGCACCAC', 'CGTTGCTTCGTG', 'CCTAGAGGCGGN', 'TAAGGTTCTCAC', 'GCTACTTCGCCA', 'GCTCCTGGGTGT']
CGTGGGTTCCTA, ['CGTGGGTTCCTA', 'CGGCAATTGAGT', 'ACCTAGCGGTTN', 'TACCTTACCGTA', 'CCCTTCCCCGGC', 'GATGCTGCGGTN', 'TTTGTGGGTCTG', 'ATGTCGGACGCA', 'TGCTAAGGTTAG', 'GACCTGTTTTTN', 'TGGGAATAGTAA', 'GTTAACCGAGTN', 'ATTCAAAGTACA', 'AGAAGGTTTTGT', 'ACAACGCTCCTC', 'ATAGCGCCGTGN', 'GGCAGTGAGACC', 'TTGAAGTCTCCC']
TGTGAAGCTTAG, ['TGTGAAGCTTAG', 'ACGTGGCTCATG', 'GCAGAGGCTGAG', 'CCGAATTCCAAG', 'TGCAGCCGGCAG', 'GATGGCCTATGN', 'GCCCGAGTCGCC', 'TGACCTTTGGAT', 'ATGATAAGGTCA', 'TTAAACTCGTCG', 'ATGGAGGGGACA', 'GAGACACGGTCC', 'TACATGTCAAAC', 'ATCAAAAGCCGC', 'CATTAACTGCCT', 'CTGGAATACGTA', 'GGCGCAACGCTG', 'TTTCTTAGGCGC']
CCACGGTTCGCA, ['CCACGGTTCGCA', 'TGAGTTCACACA']
GCCAGCTGGCTG, ['GCCAGCTGGCTG', 'GGGACGCAATGT', 'CCCACTAACTGG', 'CTAGTCTAGTCT', 'TCTCGTTGTTGT', 'GTTTAGCCCCAT', 'CGTGTAGTTTCN', 'AAGGATACCTTG', 'CTACAATCTTCT', 'AGAGATCTCGCG', 'AGGTGTTTTTCA', 'ATGAGATTTGAT', 'CTGCGCTCACGA', 'GGGTGCTATGGG', 'AGCAGGGCATGA', 'CAACAAATCTAN', 'TAGGTCTTATAT', 'GACATTCAGTCT']
CGCAGAACGGCT, ['CGCAGAACGGCT', 'TTAACAAGCACT', 'TATCTCACTCGC', 'ACTATCAGGGCA', 'CTGACGCGAGCG', 'CCTACATAAATG', 'GCTGGTTAGTTT', 'AAACCTTATGTT', 'TAAACACAACTT', 'GCTTACTCGGAN', 'GGTCGTGCCCGN', 'CTAATATCGTTT', 'CCTGGAATGCCA', 'TTGTGCATCCCC', 'CGGCCTTTGGTC', 'TTTTTGGTCTAT', 'GTAACTTGCGAT', 'GTTTGCACCACC']
CTAGGCAGGTGN, ['CTAGGCAGGTGN', 'GAGCTGAGAGCG', 'AGCACTTTTTGC', 'GCTGGGCCTGTN', 'CATGAATGTTAC', 'TAAAGATTTGAC', 'GCCGGCCGTTTG', 'GGCATCTCGCCT', 'ATCTAAGCCTTN', 'GGCGCTATAACT', 'AGCTGTAGTGCT', 'TCCAAATACGCA', 'TACCATAGCTTG', 'AGGCATTCGGAG', 'CCGGCACGCGAT', 'TAAGCCAGACCG', 'ATGGTGCACCTC', 'AAGACGCGTGAG']
GCTTAGTATTGA, ['GCTTAGTATTGA', 'ATAACGTAAGAG', 'CGCAATGCAAAN', 'CCTGTGAGCTTG', 'CGCAAACTAGAT', 'ACATGCGGTCAC', 'ATCTAATATAAC', 'CACACGGCCCAA', 'ACCTGTGGGGGT', 'GGTGTGGACGGC', 'GGCTCATTGCTG', 'GACTCCGGTACG', 'CTAGAATGGTTG', 'GGTTGGTTGCAC', 'CTCGCGGTACAT', 'AACAGATCCGTG', 'TTTGTCCATGGT', 'ACCTGTAGATCN']
CATGACGAGATN, ['CATGACGAGATN', 'GAACAAGTGCAA', 'GGAGTATGTCAT', 'GGCCATCTGGTN', 'GCCGGGTTTGGA', 'GGACGAAGCAGG', 'AGGCTGGCTTAC', 'AAGCAGATCGTT', 'TTCGCCATGCAN', 'ATTGAAAGGTTA', 'GTCAATCTATCC', 'ACAGGCAGCGTN', 'CTTCCGTTCTCN', 'CACATACATTAA', 'GGAACTCATCTT', 'ACGACAACATCC', 'ACAGCAAATGAC', 'AGTTAGGGATTC']
TAGTGCTTTCGN, ['TAGTGCTTTCGN', 'AATGTCCGGAAC', 'AAACTCGCGAAA', 'ATTGTTCCCTGA', 'GACCAGCTAGCC', 'TCAGCGTGCAGA', 'GCGTAGCCACTT', 'GTGGTTTTCCGG', 'AGGTCAACCTCA', 'CGCCTGACCTGT', 'TGGAAAGGCTCN', 'CGTTTCTTACTN', 'GTAACATCTGAC', 'AATGCGTGAAGA', 'TCTCGCGTCAGG', 'TGTACGTAATTA', 'ACATGTCATAGC', 'GCAAGCCTCACT']
GAACTGAAGCGT, ['GAACTGAAGCGT', 'TCCTACGCGTTG', 'AAAGATGTCCTG', 'GCCGGTTCAAAT', 'TTGGAGGATTAA', 'TATGGGCACATA', 'TCACTGCGGTAG', 'AACTTCCTCACG', 'CACTACACTGCC', 'CACACCCGAGAC', 'TGCGCTTAGCGG', 'CCGAGACGGGTC', 'CGCCTCTGCTCG', 'TCGAAAACGTAG', 'ACCACTGTTAGC', 'AATTCGTGTTTC', 'CGGGGTGCGTTT', 'TTCTGGAGACGC']
CAATTCAATTTG, ['CAATTCAATTTG', 'ACCAGTGTTCCG', 'AGTGTTCCTGTT', 'AGGGGGGAGCCG', 'ACCGCCCATCCG', 'CACGCCTAATCA', 'TATGTAGTCGAA', 'ACCTGGGTATTN', 'TACGGAAATATC', 'GGATAAGGGATC', 'TGGGATCGTGAG', 'GGGAGCGTGCCG', 'CACCAAGCCCAT', 'TAGAAGATAATA', 'GGAAATTTCTAC', 'GGTCAGAAAAGA', 'CCCATATATCGG', 'CTCAGAGATACA']
CGTTAGTGAGAA, ['CGTTAGTGAGAA', 'CAAGTCCACTAG', 'GCAGGGATCAGT', 'AGGAGTATCTCG', 'CGAGCGCCTACN', 'TTCCAACGCAGT', 'GGCTGGGGAGCT', 'TAACAGCGTTCG', 'GGAGTGCGACGN', 'GTGTTGAAGGGT', 'CTGTTGGAACGG', 'AATCCGGTTGCT', 'CCATTTACGGAA', 'CCTGGGCCATAA', 'CTGGCACACAAA', 'TCCTCGTTACGC', 'GCATCGCGAAAC', 'ACTACAGTTCAG']
CCTGCGGCTGAG, ['CCTGCGGCTGAG', 'TACGTGTACAAC', 'AACGGGAAATAG', 'AAGCGAAGGATG', 'CTTCGACTTTCC', 'TTAATACCAACT', 'CGAGGAAGATAA', 'AGCCCCCATGTC', 'AGATGGTCGCGT', 'TCGTTCCTTACT', 'TATGTCTGAGTG', 'CGATGGGACTGA', 'CGGTCCCTACTT', 'TGCCTTTAGAAG', 'TTTCAACTGGCC', 'GAGTGCCAACCG', 'CCGAAAATTCTN', 'AGCGGGCTGTTA']
GAGAAATGTGCT, ['GAGAAATGTGCT', 'AACTGTGCAGGC', 'ACTCTCCCGAGA', 'ACAATTGTATGT', 'AGGTTCTGCCTC', 'GCTTCTTGTACN', 'GCTTAACTGCTG', 'GGCCTTGGAAGT', 'GTCTGAGACGGN', 'CCCTTACGTATC', 'CCTGCGCGAGTN', 'TCCATACACTAC', 'ACAGACAACTTT', 'TAGGATAGAGAG', 'GGTATTCACCGA', 'GCGGCCCTCGGG', 'TCGAGCTGAGAG', 'AAGCTAGAGTAT']
TAGGTATCGTAC, ['TAGGTATCGTAC', 'AAAAGTGTTACA']
